Recency,Frequency,Monetary,Avg_Order_Value,Purchase_Rate
41.31587251498895,4.95897759545598,1483.442894603976,312.28515708903683,0.47318231100284636
2.2222222222222223,133.22222222222223,117101.58333333333,1462.116017014148,56.401234567901234
247.53853211009175,1.8440366972477065,410.67718440366974,238.63686941906207,0.008399263343616516
15.990384615384615,31.403846153846153,20168.277884615385,1135.979448305045,9.081681614128422
