Recency,Frequency,Monetary,Avg_Order_Value,Purchase_Rate
92.84084084084084,4.57010857010857,1347.6271411411412,304.8036390220926,0.5062695590089146
3.6666666666666665,64.66666666666667,241136.56000000003,3724.8663123865385,20.925925925925927
13.13888888888889,50.72222222222222,35694.129166666666,1151.3960049840884,15.661590024046117
9.5,96.5,114451.89749999999,2231.737203890371,35.635000000000005
